<?xml version="1.0" encoding="ISO-8859-1" ?>
<?xml-stylesheet type="text/xsl" href="datasheet.xsl"?>
<datasheet>
  <header>top</header>
  <project-settings>
    <fam>IGLOO</fam>
    <die>AGL250V2</die>
    <package>100 VQFP</package>
    <speed-grade>STD</speed-grade>
    <voltage>1.5</voltage>
    <hdl-type>Verilog</hdl-type>
    <project-description>
    </project-description>
    <location>C:/Projects/RFTap/component/work/top</location>
    <state>GENERATED ( Sun Oct 01 18:46:56 2017 )</state>
    <swide-toolchain>SoftConsole workspace has not been generated</swide-toolchain>
  </project-settings>
  <site-map>
  </site-map>
  <fileset>
    <name>HDL File(s)</name>
    <file>C:\Projects\RFTap\component\work\top\top.v</file>
    <file>C:\Projects\RFTap\hdl\controller.v</file>
    <file>C:\Projects\RFTap\hdl\links.v</file>
    <file>C:\Projects\RFTap\hdl\ones64.v</file>
    <file>C:\Projects\RFTap\hdl\spi_slave.v</file>
    <file>C:\Projects\RFTap\smartgen\clk\clk.v</file>
    <file>C:\Projects\RFTap\smartgen\extClkBuf\extClkBuf.v</file>
    <file>C:\Projects\RFTap\smartgen\fifoWStatus\fifoWStatus.v</file>
    <file>C:\Projects\RFTap\smartgen\fifo\fifo.v</file>
    <file>C:\Projects\RFTap\smartgen\internalClkBuf\internalClkBuf.v</file>
  </fileset>
  <io>
    <port-name>hf_mosi</port-name>
    <direction>OUT</direction>
    <pin-number>-</pin-number>
    <io-standard>LVCMOS33</io-standard>
  </io>
  <io>
    <port-name>data_ready</port-name>
    <direction>OUT</direction>
    <pin-number>-</pin-number>
    <io-standard>LVCMOS33</io-standard>
  </io>
  <io>
    <port-name>debug_q_out</port-name>
    <direction>OUT</direction>
    <pin-number>-</pin-number>
    <io-standard>LVCMOS33</io-standard>
  </io>
  <io>
    <port-name>hf_miso</port-name>
    <direction>IN</direction>
    <pin-number>-</pin-number>
    <io-standard>LVCMOS33</io-standard>
  </io>
  <io>
    <port-name>debug_i_out</port-name>
    <direction>OUT</direction>
    <pin-number>-</pin-number>
    <io-standard>LVCMOS33</io-standard>
  </io>
  <io>
    <port-name>hf_clk_out</port-name>
    <direction>IN</direction>
    <pin-number>-</pin-number>
    <io-standard>LVCMOS33</io-standard>
  </io>
  <io>
    <port-name>hf_rst</port-name>
    <direction>OUT</direction>
    <pin-number>-</pin-number>
    <io-standard>LVCMOS33</io-standard>
  </io>
  <io>
    <port-name>MCLK</port-name>
    <direction>IN</direction>
    <pin-number>-</pin-number>
    <io-standard>LVCMOS33</io-standard>
  </io>
  <io>
    <port-name>irq</port-name>
    <direction>OUT</direction>
    <pin-number>-</pin-number>
    <io-standard>LVCMOS33</io-standard>
  </io>
  <io>
    <port-name>rpi_cs1</port-name>
    <direction>IN</direction>
    <pin-number>-</pin-number>
    <io-standard>LVCMOS33</io-standard>
  </io>
  <io>
    <port-name>rpi_cs0</port-name>
    <direction>IN</direction>
    <pin-number>-</pin-number>
    <io-standard>LVCMOS33</io-standard>
  </io>
  <io>
    <port-name>hf_i_out</port-name>
    <direction>IN</direction>
    <pin-number>-</pin-number>
    <io-standard>LVCMOS33</io-standard>
  </io>
  <io>
    <port-name>rpi_sclk</port-name>
    <direction>IN</direction>
    <pin-number>-</pin-number>
    <io-standard>LVCMOS33</io-standard>
  </io>
  <io>
    <port-name>hf_q_out</port-name>
    <direction>IN</direction>
    <pin-number>-</pin-number>
    <io-standard>LVCMOS33</io-standard>
  </io>
  <io>
    <port-name>rpi_miso</port-name>
    <direction>OUT</direction>
    <pin-number>-</pin-number>
    <io-standard>LVCMOS33</io-standard>
  </io>
  <io>
    <port-name>hf_cs</port-name>
    <direction>OUT</direction>
    <pin-number>-</pin-number>
    <io-standard>LVCMOS33</io-standard>
  </io>
  <io>
    <port-name>fpga_rst</port-name>
    <direction>IN</direction>
    <pin-number>-</pin-number>
    <io-standard>LVCMOS33</io-standard>
  </io>
  <io>
    <port-name>debug_clk_out</port-name>
    <direction>OUT</direction>
    <pin-number>-</pin-number>
    <io-standard>LVCMOS33</io-standard>
  </io>
  <io>
    <port-name>hf_sclk</port-name>
    <direction>OUT</direction>
    <pin-number>-</pin-number>
    <io-standard>LVCMOS33</io-standard>
  </io>
  <io>
    <port-name>rpi_mosi</port-name>
    <direction>IN</direction>
    <pin-number>-</pin-number>
    <io-standard>LVCMOS33</io-standard>
  </io>
  <core type="ComponentModule">
    <core-type>ComponentModule</core-type>
    <core-exttype>SmartGen</core-exttype>
    <core-location>C:/Projects/RFTap/smartgen/clk</core-location>
    <core-name>clk_0</core-name>
  </core>
  <core type="HdlModule">
    <core-type>HdlModule</core-type>
    <core-exttype>controller</core-exttype>
    <core-location>hdl\controller.v</core-location>
    <core-name>controller_0</core-name>
  </core>
  <core type="ComponentModule">
    <core-type>ComponentModule</core-type>
    <core-exttype>SmartGen</core-exttype>
    <core-location>C:/Projects/RFTap/smartgen/extClkBuf</core-location>
    <core-name>extClkBuf_0</core-name>
  </core>
  <core type="ComponentModule">
    <core-type>ComponentModule</core-type>
    <core-exttype>SmartGen</core-exttype>
    <core-location>C:/Projects/RFTap/smartgen/fifoWStatus</core-location>
    <core-name>fifoWStatus_0</core-name>
  </core>
  <core type="ComponentModule">
    <core-type>ComponentModule</core-type>
    <core-exttype>SmartGen</core-exttype>
    <core-location>C:/Projects/RFTap/smartgen/fifoWStatus</core-location>
    <core-name>fifoWStatus_1</core-name>
  </core>
  <core type="ComponentModule">
    <core-type>ComponentModule</core-type>
    <core-exttype>SmartGen</core-exttype>
    <core-location>C:/Projects/RFTap/smartgen/internalClkBuf</core-location>
    <core-name>internalClkBuf_0</core-name>
  </core>
  <core type="ComponentModule">
    <core-type>ComponentModule</core-type>
    <core-exttype>SmartGen</core-exttype>
    <core-location>C:/Projects/RFTap/smartgen/internalClkBuf</core-location>
    <core-name>internalClkBuf_1</core-name>
  </core>
  <core type="HdlModule">
    <core-type>HdlModule</core-type>
    <core-exttype>links</core-exttype>
    <core-location>hdl\links.v</core-location>
    <core-name>links_0</core-name>
  </core>
  <core type="HdlModule">
    <core-type>HdlModule</core-type>
    <core-exttype>ones64</core-exttype>
    <core-location>hdl\ones64.v</core-location>
    <core-name>ones64_I</core-name>
  </core>
  <core type="HdlModule">
    <core-type>HdlModule</core-type>
    <core-exttype>ones64</core-exttype>
    <core-location>hdl\ones64.v</core-location>
    <core-name>ones64_Q</core-name>
  </core>
  <core type="HdlModule">
    <core-type>HdlModule</core-type>
    <core-exttype>spi_slave</core-exttype>
    <core-location>hdl\spi_slave.v</core-location>
    <core-name>spi_slave_0</core-name>
  </core>
  <memorysystem>
    <title>Memory Map for top</title>
    <description>The project does not contain any subsystems.</description>
  </memorysystem>
</datasheet>
